id,adhoc_product_id/id
saas_provider_adhoc.module_account_accountant_15_0,adhoc_product_ventas_ventas
saas_provider_adhoc.module_l10n_be_coda_15_0,adhoc_product_ventas_ventas
saas_provider_adhoc.module_web_gantt_15_0,adhoc_product_ventas_ventas
saas_provider_adhoc.module_pos_loyalty_15_0,adhoc_product_ventas_ventas
saas_provider_adhoc.module_hr_appraisal_15_0,adhoc_product_ventas_ventas
saas_provider_adhoc.module_mrp_mps_15_0,adhoc_product_ventas_ventas
saas_provider_adhoc.module_mrp_plm_15_0,adhoc_product_ventas_ventas
saas_provider_adhoc.module_quality_15_0,adhoc_product_ventas_ventas
saas_provider_adhoc.module_quality_mrp_15_0,adhoc_product_ventas_ventas
saas_provider_adhoc.module_mrp_workorder_15_0,adhoc_product_ventas_ventas
saas_provider_adhoc.module_helpdesk_15_0,adhoc_product_ventas_ventas
saas_provider_adhoc.module_website_helpdesk_15_0,adhoc_product_ventas_ventas
saas_provider_adhoc.module_website_helpdesk_form_15_0,adhoc_product_ventas_ventas
saas_provider_adhoc.module_website_helpdesk_forum_15_0,adhoc_product_ventas_ventas
saas_provider_adhoc.module_website_helpdesk_livechat_15_0,adhoc_product_ventas_ventas
saas_provider_adhoc.module_website_helpdesk_slides_15_0,adhoc_product_ventas_ventas
saas_provider_adhoc.module_account_3way_match_15_0,adhoc_product_ventas_ventas
saas_provider_adhoc.module_account_bank_statement_import_camt_15_0,adhoc_product_ventas_ventas
saas_provider_adhoc.module_account_bank_statement_import_csv_15_0,adhoc_product_ventas_ventas
saas_provider_adhoc.module_account_bank_statement_import_ofx_15_0,adhoc_product_ventas_ventas
saas_provider_adhoc.module_account_bank_statement_import_qif_15_0,adhoc_product_ventas_ventas
saas_provider_adhoc.module_account_batch_deposit_15_0,adhoc_product_ventas_ventas
saas_provider_adhoc.module_account_deferred_revenue_15_0,adhoc_product_ventas_ventas
saas_provider_adhoc.module_account_extension_15_0,adhoc_product_ventas_ventas
saas_provider_adhoc.module_account_online_sync_15_0,adhoc_product_ventas_ventas
saas_provider_adhoc.module_account_plaid_15_0,adhoc_product_ventas_ventas
saas_provider_adhoc.module_account_reports_15_0,adhoc_product_ventas_ventas
saas_provider_adhoc.module_account_reports_followup_15_0,adhoc_product_ventas_ventas
saas_provider_adhoc.module_account_sepa_15_0,adhoc_product_facturacion
saas_provider_adhoc.module_account_sepa_direct_debit_15_0,adhoc_product_facturacion
saas_provider_adhoc.module_account_taxcloud_15_0,adhoc_product_facturacion
saas_provider_adhoc.module_account_yodlee_15_0,adhoc_product_facturacion
saas_provider_adhoc.module_base_automation_hr_contract_15_0,adhoc_product_facturacion
saas_provider_adhoc.module_currency_rate_live_15_0,adhoc_product_facturacion
saas_provider_adhoc.module_delivery_barcode_15_0,adhoc_product_facturacion
saas_provider_adhoc.module_delivery_bpost_15_0,adhoc_product_facturacion
saas_provider_adhoc.module_delivery_dhl_15_0,adhoc_product_facturacion
saas_provider_adhoc.module_delivery_fedex_15_0,adhoc_product_facturacion
saas_provider_adhoc.module_delivery_ups_15_0,adhoc_product_facturacion
saas_provider_adhoc.module_delivery_usps_15_0,adhoc_product_facturacion
saas_provider_adhoc.module_event_barcode_15_0,adhoc_product_facturacion
saas_provider_adhoc.module_event_barcode_mobile_15_0,adhoc_product_facturacion
saas_provider_adhoc.module_helpdesk_sale_timesheet_15_0,adhoc_product_facturacion
saas_provider_adhoc.module_helpdesk_timesheet_15_0,adhoc_product_facturacion
saas_provider_adhoc.module_hr_contract_salary_15_0,adhoc_product_facturacion
saas_provider_adhoc.module_hr_expense_sepa_15_0,adhoc_product_facturacion
saas_provider_adhoc.module_hr_holidays_gantt_15_0,adhoc_product_facturacion
saas_provider_adhoc.module_inter_company_rules_15_0,adhoc_product_facturacion
saas_provider_adhoc.module_l10n_ar_reports_15_0,adhoc_product_facturacion
saas_provider_adhoc.module_l10n_at_reports_15_0,adhoc_product_facturacion
saas_provider_adhoc.module_l10n_au_reports_15_0,adhoc_product_facturacion
saas_provider_adhoc.module_l10n_be_reports_15_0,adhoc_product_facturacion
saas_provider_adhoc.module_l10n_bo_reports_15_0,adhoc_product_facturacion
saas_provider_adhoc.module_l10n_br_reports_15_0,adhoc_product_facturacion
saas_provider_adhoc.module_l10n_ch_reports_15_0,adhoc_product_facturacion
saas_provider_adhoc.module_l10n_cl_reports_15_0,adhoc_product_facturacion
saas_provider_adhoc.module_l10n_co_reports_15_0,adhoc_product_facturacion
saas_provider_adhoc.module_l10n_de_reports_15_0,adhoc_product_facturacion
saas_provider_adhoc.module_l10n_do_reports_15_0,adhoc_product_facturacion
saas_provider_adhoc.module_l10n_es_reports_15_0,adhoc_product_facturacion
saas_provider_adhoc.module_l10n_et_reports_15_0,adhoc_product_facturacion
saas_provider_adhoc.module_l10n_fr_reports_15_0,adhoc_product_facturacion
saas_provider_adhoc.module_l10n_gr_reports_15_0,adhoc_product_facturacion
saas_provider_adhoc.module_l10n_hr_reports_15_0,adhoc_product_facturacion
saas_provider_adhoc.module_l10n_hu_reports_15_0,adhoc_product_facturacion
saas_provider_adhoc.module_l10n_in_reports_15_0,adhoc_product_facturacion
saas_provider_adhoc.module_l10n_jp_reports_15_0,adhoc_product_facturacion
saas_provider_adhoc.module_l10n_lu_reports_15_0,adhoc_product_facturacion
saas_provider_adhoc.module_l10n_ma_reports_15_0,adhoc_product_facturacion
saas_provider_adhoc.module_l10n_mx_reports_15_0,adhoc_product_facturacion
saas_provider_adhoc.module_l10n_nl_reports_15_0,adhoc_product_facturacion
saas_provider_adhoc.module_l10n_no_reports_15_0,adhoc_product_facturacion
saas_provider_adhoc.module_l10n_pl_reports_15_0,adhoc_product_facturacion
saas_provider_adhoc.module_l10n_ro_reports_15_0,adhoc_product_facturacion
saas_provider_adhoc.module_l10n_sg_reports_15_0,adhoc_product_facturacion
saas_provider_adhoc.module_l10n_si_reports_15_0,adhoc_product_facturacion
saas_provider_adhoc.module_l10n_th_reports_15_0,adhoc_product_facturacion
saas_provider_adhoc.module_l10n_uk_reports_15_0,adhoc_product_facturacion
saas_provider_adhoc.module_l10n_us_check_printing_15_0,adhoc_product_facturacion
saas_provider_adhoc.module_l10n_us_reports_15_0,adhoc_product_facturacion
saas_provider_adhoc.module_l10n_uy_reports_15_0,adhoc_product_facturacion
saas_provider_adhoc.module_l10n_vn_reports_15_0,adhoc_product_facturacion
saas_provider_adhoc.module_mail_github_15_0,adhoc_product_facturacion
saas_provider_adhoc.module_mail_push_15_0,adhoc_product_facturacion
saas_provider_adhoc.module_marketing_automation_15_0,adhoc_product_facturacion
saas_provider_adhoc.module_mrp_account_15_0,adhoc_product_facturacion
saas_provider_adhoc.module_mrp_maintenance_15_0,adhoc_product_facturacion
saas_provider_adhoc.module_print_15_0,adhoc_product_facturacion
saas_provider_adhoc.module_print_docsaway_15_0,adhoc_product_facturacion
saas_provider_adhoc.module_print_sale_15_0,adhoc_product_facturacion
saas_provider_adhoc.module_project_forecast_15_0,adhoc_product_facturacion
saas_provider_adhoc.module_project_forecast_sale_15_0,adhoc_product_facturacion
saas_provider_adhoc.module_project_timesheet_forecast_sale_15_0,adhoc_product_facturacion
saas_provider_adhoc.module_project_timesheet_synchro_15_0,adhoc_product_facturacion
saas_provider_adhoc.module_sale_account_taxcloud_15_0,adhoc_product_facturacion
saas_provider_adhoc.module_sale_coupon_15_0,adhoc_product_facturacion
saas_provider_adhoc.module_sale_coupon_delivery_15_0,adhoc_product_facturacion
saas_provider_adhoc.module_sale_ebay_15_0,adhoc_product_facturacion
saas_provider_adhoc.module_sale_subscription_15_0,adhoc_product_facturacion
saas_provider_adhoc.module_sale_subscription_asset_15_0,adhoc_product_facturacion
saas_provider_adhoc.module_sale_subscription_dashboard_15_0,adhoc_product_facturacion
saas_provider_adhoc.module_stock_barcode_15_0,adhoc_product_facturacion
saas_provider_adhoc.module_stock_barcode_mobile_15_0,adhoc_product_facturacion
saas_provider_adhoc.module_timesheet_grid_15_0,adhoc_product_facturacion
saas_provider_adhoc.module_timesheet_grid_sale_15_0,adhoc_product_facturacion
saas_provider_adhoc.module_voip_15_0,adhoc_product_facturacion
saas_provider_adhoc.module_voip_onsip_15_0,adhoc_product_facturacion
saas_provider_adhoc.module_web_clearbit_15_0,adhoc_product_facturacion
saas_provider_adhoc.module_web_enterprise_15_0,adhoc_product_facturacion
saas_provider_adhoc.module_web_grid_15_0,adhoc_product_facturacion
saas_provider_adhoc.module_web_mobile_15_0,adhoc_product_facturacion
saas_provider_adhoc.module_website_crm_score_15_0,adhoc_product_facturacion
saas_provider_adhoc.module_website_delivery_ups_15_0,adhoc_product_facturacion
saas_provider_adhoc.module_website_enterprise_15_0,adhoc_product_facturacion
saas_provider_adhoc.module_website_form_editor_15_0,adhoc_product_facturacion
saas_provider_adhoc.module_website_quote_subscription_15_0,adhoc_product_facturacion
saas_provider_adhoc.module_website_sale_account_taxcloud_15_0,adhoc_product_facturacion
saas_provider_adhoc.module_website_sale_coupon_15_0,adhoc_product_facturacion
saas_provider_adhoc.module_website_sign_15_0,adhoc_product_facturacion
saas_provider_adhoc.module_website_studio_15_0,adhoc_product_facturacion
saas_provider_adhoc.module_website_version_15_0,adhoc_product_facturacion
saas_provider_adhoc.module_web_studio_15_0,adhoc_product_facturacion
saas_provider_adhoc.module_mass_mailing_themes_15_0,adhoc_product_facturacion
saas_provider_adhoc.module_website_calendar_15_0,adhoc_product_facturacion
